{"cameraMode":{"drawMode":0,"name":"Shaded","section":"Shading Mode"},"sceneLighting":true,"audioPlay":false,"sceneViewState":{"showFog":true,"showMaterialUpdate":false,"showSkybox":true,"showFlares":true,"showImageEffects":true,"showParticleSystems":true},"in2DMode":false,"pivot":{"x":700.9071655273438,"y":351.1123352050781,"z":370.4991149902344},"rotation":{"x":0.25766852498054507,"y":-0.1385536789894104,"z":0.03736278787255287,"w":0.9555188417434692},"size":1.169567346572876,"orthographic":false}