{"cameraMode":{"drawMode":0,"name":"Shaded","section":"Shading Mode"},"sceneLighting":true,"audioPlay":false,"sceneViewState":{"showFog":true,"showMaterialUpdate":false,"showSkybox":true,"showFlares":true,"showImageEffects":true,"showParticleSystems":true},"in2DMode":false,"pivot":{"x":557.76806640625,"y":823.6290283203125,"z":349.1444091796875},"rotation":{"x":0.28158968687057497,"y":-0.4280613958835602,"z":0.14233054220676423,"w":0.8468878865242004},"size":931.465576171875,"orthographic":true}