{"cameraMode":{"drawMode":0,"name":"Shaded","section":"Shading Mode"},"sceneLighting":true,"audioPlay":false,"sceneViewState":{"showFog":true,"showMaterialUpdate":false,"showSkybox":false,"showFlares":true,"showImageEffects":true,"showParticleSystems":true},"in2DMode":false,"pivot":{"x":0.0,"y":0.3499999940395355,"z":-0.01342037320137024},"rotation":{"x":0.06269428879022598,"y":-0.7838714718818665,"z":0.08023341000080109,"w":0.6125172972679138},"size":0.7709462642669678,"orthographic":true}