{"cameraMode":{"drawMode":0,"name":"Shaded","section":"Shading Mode"},"sceneLighting":false,"audioPlay":false,"sceneViewState":{"showFog":true,"showMaterialUpdate":false,"showSkybox":false,"showFlares":true,"showImageEffects":true,"showParticleSystems":true},"in2DMode":false,"pivot":{"x":-1.6248620748519898,"y":-0.24870562553405763,"z":-2.5563642978668215},"rotation":{"x":0.0032914159819483759,"y":0.9835188388824463,"z":-0.17988321185112,"w":0.017996594309806825},"size":3.508462905883789,"orthographic":false}