{"cameraMode":{"drawMode":0,"name":"Shaded","section":"Shading Mode"},"sceneLighting":true,"audioPlay":false,"sceneViewState":{"showFog":true,"showMaterialUpdate":false,"showSkybox":true,"showFlares":true,"showImageEffects":true,"showParticleSystems":true},"in2DMode":false,"pivot":{"x":543.0029907226563,"y":82.84548950195313,"z":472.18975830078127},"rotation":{"x":-0.03332841396331787,"y":0.48389381170272829,"z":0.0184461772441864,"w":0.8742976784706116},"size":61.85600280761719,"orthographic":false}