{"cameraMode":{"drawMode":0,"name":"Shaded","section":"Shading Mode"},"sceneLighting":false,"audioPlay":false,"sceneViewState":{"showFog":true,"showMaterialUpdate":false,"showSkybox":false,"showFlares":true,"showImageEffects":true,"showParticleSystems":true},"in2DMode":false,"pivot":{"x":-0.0252377986907959,"y":0.16646194458007813,"z":-0.3084087371826172},"rotation":{"x":-0.055354781448841098,"y":0.916126012802124,"z":-0.13593876361846925,"w":-0.3730488419532776},"size":3.6314258575439455,"orthographic":false}