{"cameraMode":{"drawMode":0,"name":"Shaded","section":"Shading Mode"},"sceneLighting":false,"audioPlay":false,"sceneViewState":{"showFog":true,"showMaterialUpdate":false,"showSkybox":false,"showFlares":true,"showImageEffects":true,"showParticleSystems":true},"in2DMode":false,"pivot":{"x":-0.519036054611206,"y":0.5353876352310181,"z":0.07824254035949707},"rotation":{"x":-0.10860681533813477,"y":0.8226715922355652,"z":-0.167885884642601,"w":-0.5321937799453735},"size":2.5073792934417726,"orthographic":false}