{"cameraMode":{"drawMode":0,"name":"Shaded","section":"Shading Mode"},"sceneLighting":false,"audioPlay":false,"sceneViewState":{"showFog":true,"showMaterialUpdate":false,"showSkybox":false,"showFlares":true,"showImageEffects":true,"showParticleSystems":true},"in2DMode":false,"pivot":{"x":16.62915802001953,"y":1.59227454662323,"z":-4.915162086486816},"rotation":{"x":0.2368364781141281,"y":-0.737007200717926,"z":0.3193659484386444,"w":0.5465749502182007},"size":5.475785732269287,"orthographic":false}