{"cameraMode":{"drawMode":0,"name":"Shaded","section":"Shading Mode"},"sceneLighting":true,"audioPlay":false,"sceneViewState":{"showFog":true,"showMaterialUpdate":false,"showSkybox":true,"showFlares":true,"showImageEffects":true,"showParticleSystems":true},"in2DMode":false,"pivot":{"x":543.9432373046875,"y":15.747091293334961,"z":481.07196044921877},"rotation":{"x":0.17520737648010255,"y":-0.33947283029556277,"z":0.06452323496341706,"w":0.9219134449958801},"size":1.207395076751709,"orthographic":false}