{"cameraMode":{"drawMode":0,"name":"Shaded","section":"Shading Mode"},"sceneLighting":false,"audioPlay":false,"sceneViewState":{"showFog":true,"showMaterialUpdate":false,"showSkybox":false,"showFlares":true,"showImageEffects":true,"showParticleSystems":true},"in2DMode":false,"pivot":{"x":2.9471375942230226,"y":-1.6931686401367188,"z":3.097221851348877},"rotation":{"x":0.17655713856220246,"y":0.3398801386356354,"z":-0.06512445956468582,"w":0.9214702248573303},"size":2.656569242477417,"orthographic":false}