{"cameraMode":{"drawMode":0,"name":"Shaded","section":"Shading Mode"},"sceneLighting":false,"audioPlay":false,"sceneViewState":{"showFog":true,"showMaterialUpdate":false,"showSkybox":false,"showFlares":true,"showImageEffects":true,"showParticleSystems":true},"in2DMode":false,"pivot":{"x":-0.1366479992866516,"y":-0.4310563802719116,"z":0.188704252243042},"rotation":{"x":0.36612579226493838,"y":-0.14625772833824159,"z":0.058381445705890658,"w":0.9171639680862427},"size":0.7503353953361511,"orthographic":false}