{"cameraMode":{"drawMode":0,"name":"Shaded","section":"Shading Mode"},"sceneLighting":false,"audioPlay":false,"sceneViewState":{"showFog":true,"showMaterialUpdate":false,"showSkybox":false,"showFlares":true,"showImageEffects":true,"showParticleSystems":true},"in2DMode":false,"pivot":{"x":0.3586953282356262,"y":-0.20192480087280274,"z":0.47060641646385195},"rotation":{"x":-0.05202259495854378,"y":0.9458400011062622,"z":-0.19154392182826997,"w":-0.25688666105270388},"size":0.21657206118106843,"orthographic":false}