{"cameraMode":{"drawMode":0,"name":"Shaded","section":"Shading Mode"},"sceneLighting":true,"audioPlay":false,"sceneViewState":{"showFog":true,"showMaterialUpdate":false,"showSkybox":true,"showFlares":true,"showImageEffects":true,"showParticleSystems":true},"in2DMode":false,"pivot":{"x":-0.8007659912109375,"y":3.3580386638641359,"z":3.3156003952026369},"rotation":{"x":0.07169760763645172,"y":0.5459051728248596,"z":-0.046957891434431079,"w":0.8334731459617615},"size":2.0374343395233156,"orthographic":false}