{"cameraMode":{"drawMode":0,"name":"Shaded","section":"Shading Mode"},"sceneLighting":false,"audioPlay":false,"sceneViewState":{"showFog":true,"showMaterialUpdate":false,"showSkybox":false,"showFlares":true,"showImageEffects":true,"showParticleSystems":true},"in2DMode":false,"pivot":{"x":0.707388699054718,"y":0.20814496278762818,"z":0.6541271805763245},"rotation":{"x":-0.005266381427645683,"y":0.6791967153549194,"z":0.0048949322663247589,"w":0.7339383959770203},"size":0.7011875510215759,"orthographic":false}