{"cameraMode":{"drawMode":0,"name":"Shaded","section":"Shading Mode"},"sceneLighting":false,"audioPlay":false,"sceneViewState":{"showFog":true,"showMaterialUpdate":false,"showSkybox":false,"showFlares":true,"showImageEffects":true,"showParticleSystems":true},"in2DMode":false,"pivot":{"x":15.411428451538086,"y":-1.1865358352661133,"z":-4.046614646911621},"rotation":{"x":-0.06294350326061249,"y":-0.8025498390197754,"z":0.0860459953546524,"w":-0.5870249271392822},"size":10.285709381103516,"orthographic":false}