{"cameraMode":{"drawMode":0,"name":"Shaded","section":"Shading Mode"},"sceneLighting":true,"audioPlay":false,"sceneViewState":{"showFog":true,"showMaterialUpdate":false,"showSkybox":true,"showFlares":true,"showImageEffects":true,"showParticleSystems":true},"in2DMode":false,"pivot":{"x":546.5748291015625,"y":10.123151779174805,"z":510.7913513183594},"rotation":{"x":0.14486968517303468,"y":0.07561049610376358,"z":-0.011104019358754158,"w":0.9865018129348755},"size":20.89957046508789,"orthographic":false}