{"cameraMode":{"drawMode":0,"name":"Shaded","section":"Shading Mode"},"sceneLighting":false,"audioPlay":false,"sceneViewState":{"showFog":true,"showMaterialUpdate":false,"showSkybox":false,"showFlares":true,"showImageEffects":true,"showParticleSystems":true},"in2DMode":false,"pivot":{"x":416.3287048339844,"y":0.812391996383667,"z":219.68043518066407},"rotation":{"x":0.3808269500732422,"y":-0.06816243380308151,"z":0.028169766068458558,"w":0.9217145442962647},"size":1.2247449159622193,"orthographic":false}