{"cameraMode":{"drawMode":0,"name":"Shaded","section":"Shading Mode"},"sceneLighting":true,"audioPlay":false,"sceneViewState":{"showFog":true,"showMaterialUpdate":false,"showSkybox":true,"showFlares":true,"showImageEffects":true,"showParticleSystems":true},"in2DMode":false,"pivot":{"x":591.2848510742188,"y":27.344970703125,"z":416.572265625},"rotation":{"x":0.233275905251503,"y":0.5737029910087586,"z":-0.17483015358448029,"w":0.7654455304145813},"size":443.0754089355469,"orthographic":false}