{"cameraMode":{"drawMode":0,"name":"Shaded","section":"Shading Mode"},"sceneLighting":false,"audioPlay":false,"sceneViewState":{"showFog":true,"showMaterialUpdate":false,"showSkybox":false,"showFlares":true,"showImageEffects":true,"showParticleSystems":true},"in2DMode":false,"pivot":{"x":0.6299436092376709,"y":-2.007603645324707,"z":-4.788503170013428},"rotation":{"x":0.05424151197075844,"y":0.9457623958587647,"z":-0.22424733638763429,"w":0.22873906791210175},"size":4.8505144119262699,"orthographic":false}