{"cameraMode":{"drawMode":0,"name":"Shaded","section":"Shading Mode"},"sceneLighting":false,"audioPlay":false,"sceneViewState":{"showFog":true,"showMaterialUpdate":false,"showSkybox":false,"showFlares":true,"showImageEffects":true,"showParticleSystems":true},"in2DMode":false,"pivot":{"x":1.0688625574111939,"y":-0.06323665380477905,"z":1.1050318479537964},"rotation":{"x":0.12785810232162476,"y":0.5279029607772827,"z":-0.08076499402523041,"w":0.835756242275238},"size":14.1362886428833,"orthographic":false}