{"cameraMode":{"drawMode":0,"name":"Shaded","section":"Shading Mode"},"sceneLighting":false,"audioPlay":false,"sceneViewState":{"showFog":true,"showMaterialUpdate":false,"showSkybox":false,"showFlares":true,"showImageEffects":true,"showParticleSystems":true},"in2DMode":false,"pivot":{"x":14.665000915527344,"y":10.049827575683594,"z":-14.446609497070313},"rotation":{"x":-0.06294350326061249,"y":-0.8025498390197754,"z":0.0860459953546524,"w":-0.5870249271392822},"size":297.61187744140627,"orthographic":false}