{"cameraMode":{"drawMode":0,"name":"Shaded","section":"Shading Mode"},"sceneLighting":true,"audioPlay":false,"sceneViewState":{"showFog":true,"showMaterialUpdate":false,"showSkybox":true,"showFlares":true,"showImageEffects":true,"showParticleSystems":true},"in2DMode":false,"pivot":{"x":532.3082275390625,"y":8.435235977172852,"z":459.56573486328127},"rotation":{"x":0.0452038049697876,"y":-0.9538376927375794,"z":0.18690615892410279,"w":0.230688214302063},"size":16.816177368164064,"orthographic":false}