{"cameraMode":{"drawMode":0,"name":"Shaded","section":"Shading Mode"},"sceneLighting":false,"audioPlay":false,"sceneViewState":{"showFog":true,"showMaterialUpdate":false,"showSkybox":false,"showFlares":true,"showImageEffects":true,"showParticleSystems":true},"in2DMode":false,"pivot":{"x":0.1741868257522583,"y":-1.4789702892303467,"z":-0.8307034969329834},"rotation":{"x":0.09904254227876663,"y":0.9002877473831177,"z":-0.31776323914527895,"w":0.2805773913860321},"size":1.8198509216308594,"orthographic":false}