{"cameraMode":{"drawMode":0,"name":"Shaded","section":"Shading Mode"},"sceneLighting":false,"audioPlay":false,"sceneViewState":{"showFog":true,"showMaterialUpdate":false,"showSkybox":false,"showFlares":true,"showImageEffects":true,"showParticleSystems":true},"in2DMode":false,"pivot":{"x":-1.0922443866729737,"y":-1.3060860633850098,"z":-0.030617952346801759},"rotation":{"x":-0.07016558200120926,"y":0.9235520958900452,"z":-0.31666043400764468,"w":-0.20465382933616639},"size":2.6958487033843996,"orthographic":false}